{"cameraMode":{"drawMode":0,"name":"Shaded","section":"Shading Mode"},"sceneLighting":false,"audioPlay":false,"sceneViewState":{"showFog":true,"showMaterialUpdate":false,"showSkybox":false,"showFlares":true,"showImageEffects":true,"showParticleSystems":true},"in2DMode":false,"pivot":{"x":4.426939487457275,"y":0.5816962718963623,"z":-4.555862903594971},"rotation":{"x":0.46503356099128725,"y":-0.32408133149147036,"z":0.18788586556911469,"w":0.8021315932273865},"size":3.891571283340454,"orthographic":false}